{"options":{"check_for_updates":true,"comment":null,"compat_foreach":false,"compat_metadata":false,"compat_powerful_this":null,"compat_wrappedjsobject":false,"compatopts_for_requires":true,"noframes":null,"override":{"merge_connects":true,"merge_excludes":true,"merge_includes":true,"merge_matches":true,"orig_connects":[],"orig_excludes":[],"orig_includes":[],"orig_matches":["https://bondageprojects.elementfx.com/*","https://www.bondageprojects.elementfx.com/*","https://bondage-europe.com/*","https://www.bondage-europe.com/*","http://localhost:*/*"],"orig_noframes":null,"orig_run_at":"document-end","use_blockers":[],"use_connects":[],"use_excludes":[],"use_includes":[],"use_matches":[]},"run_at":null,"sandbox":null,"tab_types":null,"unwrap":null},"settings":{"enabled":true,"position":3},"meta":{"name":"BCAR Loader","uuid":"31e91dac-3327-4043-84b0-c5e30c4d1ec5","modified":1677046611319,"file_url":"https://github.com/DrBranestawm/BCAR/raw/main/script/bcarLoader.user.js"}}