{"options":{"check_for_updates":true,"comment":null,"compat_foreach":false,"compat_metadata":false,"compat_powerful_this":null,"compat_wrappedjsobject":false,"compatopts_for_requires":true,"noframes":null,"override":{"merge_connects":true,"merge_excludes":true,"merge_includes":true,"merge_matches":true,"orig_connects":[],"orig_excludes":[],"orig_includes":["/^https:\\/\\/(www\\.)?bondageprojects\\.elementfx\\.com\\/R\\d+\\/(BondageClub|\\d+)(\\/((index|\\d+)\\.html)?)?$/","/^https:\\/\\/(www\\.)?bondage-europe\\.com\\/R\\d+\\/(BondageClub|\\d+)(\\/((index|\\d+)\\.html)?)?$/"],"orig_matches":[],"orig_noframes":null,"orig_run_at":"document-end","use_blockers":[],"use_connects":[],"use_excludes":[],"use_includes":[],"use_matches":[]},"run_at":null,"sandbox":null,"tab_types":null,"unwrap":null},"settings":{"enabled":true,"position":1},"meta":{"name":"BCX - Bondage Club Extended (Loader)","uuid":"fc98b8ff-f73e-495d-b1fd-1b3fb26e33bf","modified":1649957636794,"file_url":"https://jomshir98.github.io/bondage-club-extended/bcxLoader.user.js"}}