{"options":{"check_for_updates":true,"comment":null,"compat_foreach":false,"compat_metadata":false,"compat_powerful_this":null,"compat_wrappedjsobject":false,"compatopts_for_requires":true,"noframes":null,"override":{"merge_connects":true,"merge_excludes":true,"merge_includes":true,"merge_matches":true,"orig_connects":[],"orig_excludes":[],"orig_includes":[],"orig_matches":["https://bondageprojects.elementfx.com/*","https://www.bondageprojects.elementfx.com/*","https://bondage-europe.com/*","https://www.bondage-europe.com/*","http://localhost:*/*"],"orig_noframes":null,"orig_run_at":"document-end","use_blockers":[],"use_connects":[],"use_excludes":[],"use_includes":[],"use_matches":[]},"run_at":null,"sandbox":null,"tab_types":null,"unwrap":null},"settings":{"enabled":true,"position":2},"meta":{"name":"Bondage Club Enhancements Loader","uuid":"db8b38c9-355b-49ee-a3ab-d1789d5393e8","modified":1658853577331,"file_url":"https://sidiousious.gitlab.io/bce/bce-loader.user.js"}}